City,Lat,Lng,Max Temp,Humidity,Cloudiness,Wind Speed,Country,Date
Koumac,-20.57,164.28,73.26,80,99,3.96,NC,1603386702
Hasaki,35.73,140.83,60.87,100,75,6.93,JP,1603386725
Cape Town,-33.93,18.42,63.14,82,0,17.22,ZA,1603387027
Te Anau,-45.42,167.72,43.93,83,100,2.37,NZ,1603387257
Porto Seguro,-16.45,-39.06,82.4,65,75,12.75,BR,1603387257
Aklavik,68.22,-135.01,17.6,78,90,3.36,CA,1603386721
Saskylakh,71.92,114.08,4.05,92,91,10.38,RU,1603387257
Budhlāda,29.93,75.57,71.89,21,0,3.36,IN,1603387258
Provideniya,64.38,-173.3,33.96,91,4,12.1,RU,1603387258
Itarema,-2.92,-39.92,87.82,58,54,20.89,BR,1603387258
Rikitea,-23.12,-134.97,73.96,77,100,15.68,PF,1603387028
Khatanga,71.97,102.5,8.2,93,100,8.7,RU,1603387259
Lumphat,13.49,106.98,72.59,94,99,1.07,KH,1603387259
Jamestown,42.1,-79.24,56.79,100,90,4.7,US,1603387027
Lüderitz,-26.65,15.16,61.77,74,0,12.37,NA,1603387259
Māngrol,21.12,70.12,82.92,71,73,10.87,IN,1603387260
Busselton,-33.65,115.33,51.22,58,0,11.32,AU,1603387260
Ushuaia,-54.8,-68.3,50.0,57,75,18.34,AR,1603387049
Kedrovyy,56.17,91.82,51.8,53,40,15.66,RU,1603387261
Vaini,-21.2,-175.2,71.6,83,20,5.82,TO,1603387037
Hermanus,-34.42,19.23,64.99,79,0,1.99,ZA,1603387262
Mahébourg,-20.41,57.7,75.2,73,40,9.17,MU,1603387262
Saint Paul Harbor,57.79,-152.41,46.4,70,90,20.8,US,1603387263
Hilo,19.73,-155.09,67.8,56,1,9.17,US,1603387058
Dunedin,-45.87,170.5,48.99,87,100,3.0,NZ,1603387263
Cabo San Lucas,22.89,-109.91,87.08,48,5,4.7,MX,1603386708
Port Elizabeth,-33.92,25.57,68.0,88,20,10.29,ZA,1603386689
Westport,41.14,-73.36,69.44,84,22,3.83,US,1603386971
Bone,51.97,12.14,60.35,79,15,9.31,DE,1603387264
Kavieng,-2.57,150.8,82.74,72,71,9.64,PG,1603387264
Damaturu,11.75,11.96,90.97,13,13,10.36,NG,1603387264
Mataura,-46.19,168.86,50.0,90,100,1.99,NZ,1603387265
Saint-Philippe,-21.36,55.77,69.64,73,0,17.22,RE,1603387029
Tuktoyaktuk,69.45,-133.04,21.2,92,90,14.99,CA,1603387265
Umm Kaddadah,13.6,26.69,92.32,10,0,8.81,SD,1603387266
Punta Arenas,-53.15,-70.92,52.43,62,75,11.41,CL,1603387253
Hobart,-42.88,147.33,50.2,87,90,6.93,AU,1603387225
Port Alfred,-33.59,26.89,68.74,86,0,17.69,ZA,1603387267
Upernavik,72.79,-56.15,25.12,97,100,8.95,GL,1603387267
Canarana,-11.68,-41.77,94.78,21,41,8.86,BR,1603387268
Clarence Town,-32.58,151.78,62.82,93,0,8.05,AU,1603387268
Severo-Kuril'sk,50.68,156.12,43.09,78,100,6.02,RU,1603387268
Qaanaaq,77.48,-69.36,19.13,94,100,4.32,GL,1603387268
Bluff,-46.6,168.33,50.0,90,100,1.99,NZ,1603387269
Sivaki,52.63,126.75,22.53,95,82,10.27,RU,1603387269
Pemangkat,1.17,108.97,80.08,82,100,8.28,ID,1603387269
Atuona,-9.8,-139.03,77.38,80,28,17.36,PF,1603387269
Bairiki Village,1.33,172.98,80.6,78,20,9.17,KI,1603387269
Thompson,55.74,-97.86,30.2,68,75,10.29,CA,1603387269
Polunochnoye,60.87,60.42,20.75,97,93,3.58,RU,1603387270
Port Hardy,50.7,-127.42,39.2,93,40,2.24,CA,1603387270
Garden City,42.33,-83.33,52.86,87,90,6.93,US,1603387270
Mēga,4.05,38.3,67.01,72,40,8.48,ET,1603387270
Bumba,2.18,22.47,72.84,93,100,2.06,CD,1603387270
Vanimo,-2.67,141.3,76.48,78,98,2.21,PG,1603386687
Labuhan,-6.88,112.21,81.16,77,8,1.12,ID,1603387271
Bengkulu,-3.8,102.27,76.73,82,100,4.03,ID,1603387271
Lata,40.16,-8.33,62.64,77,0,1.01,PT,1603387271
Kapaa,22.08,-159.32,76.33,78,24,3.33,US,1603387272
Muisne,0.6,-80.03,82.4,78,40,8.05,EC,1603387272
Belmonte,-15.86,-38.88,82.4,65,75,12.75,BR,1603387273
Faanui,-16.48,-151.75,78.31,79,16,12.06,PF,1603387274
Posadas,-27.37,-55.9,94.12,44,0,12.75,AR,1603387274
Bethel,41.37,-73.41,69.96,77,90,3.22,US,1603387034
Bambous Virieux,-20.34,57.76,73.69,73,40,9.17,MU,1603387274
Lompoc,34.64,-120.46,60.26,87,90,5.23,US,1603387052
Kavaratti,10.57,72.64,81.03,77,75,16.82,IN,1603387275
Selfoss,63.93,-21.0,39.99,84,100,18.01,IS,1603387275
Namwala,-15.75,26.44,81.97,28,79,5.55,ZM,1603387275
Nanortalik,60.14,-45.24,32.32,82,0,22.88,GL,1603387275
Noumea,-22.28,166.46,77.0,65,63,1.12,NC,1603387275
Arraial do Cabo,-22.97,-42.03,78.8,61,40,18.34,BR,1603387029
Hithadhoo,-0.6,73.08,83.57,75,0,16.37,MV,1603387030
Grindavik,63.84,-22.43,42.8,81,75,34.45,IS,1603387276
Vasto,42.12,14.71,57.99,79,0,1.88,IT,1603387276
Iqaluit,63.75,-68.51,30.09,74,75,6.93,CA,1603387038
Roald,62.58,6.13,38.77,70,20,16.11,NO,1603387277
Sturgis,41.8,-85.42,56.37,93,90,8.05,US,1603387174
Talnakh,69.49,88.4,12.2,85,40,4.47,RU,1603387277
Merauke,-8.47,140.33,76.51,86,55,10.85,ID,1603387277
Bredasdorp,-34.53,20.04,64.4,82,0,9.17,ZA,1603387278
Katsuura,35.13,140.3,64.09,77,75,12.75,JP,1603387278
Bathsheba,13.22,-59.52,87.8,66,40,17.22,BB,1603387278
Moree,-29.47,149.85,66.2,77,4,13.87,AU,1603387278
New Norfolk,-42.78,147.06,49.5,84,99,1.77,AU,1603387279
Chokurdakh,70.63,147.92,2.28,94,50,9.64,RU,1603387279
Bulgan,48.81,103.53,32.36,83,0,2.77,MN,1603387280
Avera,33.19,-82.53,77.59,74,90,9.17,US,1603387280
Río Gallegos,-51.62,-69.22,60.8,36,40,14.99,AR,1603387281
Isangel,-19.55,169.27,75.74,81,95,9.31,VU,1603387281
Carnarvon,-24.87,113.63,68.0,77,0,16.11,AU,1603387282
Changji,44.02,87.32,50.0,31,0,6.71,CN,1603387282
Nelson Bay,-32.72,152.15,63.27,93,1,8.05,AU,1603387282
Karasuyama,36.65,140.15,60.8,93,75,4.7,JP,1603387282
Butaritari,3.07,172.79,81.41,77,60,9.46,KI,1603387282
Cape Canaveral,28.41,-80.6,82.06,69,40,11.41,US,1603386416
Andrews,32.32,-102.55,78.8,50,1,17.22,US,1603387283
Wagar,16.15,36.2,92.77,21,0,6.33,SD,1603387283
Sturgeon Bay,44.83,-87.38,42.12,81,90,6.93,US,1603387284
Manggar,-2.88,108.27,80.74,79,99,4.41,ID,1603387284
College,64.86,-147.8,15.67,85,1,5.82,US,1603387284
Albany,42.6,-73.97,67.46,66,24,2.71,US,1603387277
Cherskiy,68.75,161.3,18.86,95,16,6.98,RU,1603387285
Karpathos,35.51,27.21,68.0,72,20,3.36,GR,1603387285
Bantou,26.22,117.49,57.04,83,26,2.64,CN,1603386742
Nikolskoye,59.7,30.79,44.19,93,90,6.71,RU,1603387285
Henties Bay,-22.12,14.28,64.0,79,10,3.0,NA,1603387285
San Antonio,29.42,-98.49,81.05,65,90,9.17,US,1603387094
San Jose,37.34,-121.89,65.62,67,20,5.82,US,1603387048
George Town,5.41,100.34,77.65,88,20,3.36,MY,1603387286
La Reforma,25.08,-108.05,91.33,67,0,3.0,MX,1603387286
Necochea,-38.55,-58.74,55.0,96,100,4.0,AR,1603387286
Port-Gentil,-0.72,8.78,82.4,78,40,14.99,GA,1603387287
Ketchikan,55.34,-131.65,34.83,81,75,3.36,US,1603387287
Rawlins,41.79,-107.24,37.22,69,90,6.93,US,1603387288
Jaqué,7.52,-78.17,81.64,79,56,5.1,PA,1603387288
Tautira,-17.73,-149.15,78.55,78,20,7.87,PF,1603387288
Téra,14.01,0.75,99.37,10,0,9.93,NE,1603387289
Kaitangata,-46.28,169.85,48.24,78,100,3.89,NZ,1603387289
Narón,43.52,-8.15,61.61,67,20,13.87,ES,1603387289
Kruisfontein,-34.0,24.73,72.0,64,0,4.0,ZA,1603387289
Huntington Beach,33.66,-118.0,68.97,60,90,3.36,US,1603387017
Kharp,66.8,65.81,18.72,93,99,6.87,RU,1603387290
Khani,41.96,42.96,59.0,87,0,4.7,GE,1603387290
Brae,60.4,-1.35,42.8,81,40,8.05,GB,1603387290
Narsaq,60.92,-46.05,28.4,63,20,3.36,GL,1603387290
Sangar,63.92,127.47,13.53,95,90,4.27,RU,1603387290
Puerto del Rosario,28.5,-13.86,77.0,47,40,9.17,ES,1603387290
Esperance,-33.87,121.9,55.4,100,75,5.82,AU,1603387291
Vardø,70.37,31.11,37.4,74,75,19.46,NO,1603387291
Vao,-22.67,167.48,73.51,87,88,16.75,NC,1603386726
Chase,50.82,-119.69,37.0,90,31,1.79,CA,1603387291
Yellowknife,62.46,-114.35,23.0,85,90,8.05,CA,1603387269
Hambantota,6.12,81.12,80.1,80,67,15.5,LK,1603386712
Dikson,73.51,80.55,27.23,95,100,12.68,RU,1603387034
La Ronge,55.1,-105.28,24.8,79,90,8.05,CA,1603387292
Praia,14.92,-23.51,86.0,62,20,21.92,CV,1603387292
Tuatapere,-46.13,167.68,50.0,90,100,1.99,NZ,1603387292
San Cristobal,7.77,-72.22,89.6,43,20,21.92,VE,1603387292
Jacareacanga,-6.22,-57.75,97.12,38,84,3.18,BR,1603387293
Chanika,-5.42,38.02,74.53,67,50,8.95,TZ,1603387294
Mar del Plata,-38.0,-57.56,55.13,93,90,10.29,AR,1603387079
Norman Wells,65.28,-126.83,15.8,100,90,2.24,CA,1603387294
Guerrero Negro,27.98,-114.06,71.4,66,82,8.34,MX,1603387294
Chui,-33.7,-53.46,61.27,81,100,16.91,UY,1603387294
Barrow,71.29,-156.79,35.6,94,90,17.22,US,1603387295
Kalmunai,7.42,81.82,81.88,76,88,7.05,LK,1603387295
Klyuchi,52.27,79.17,40.59,65,79,12.15,RU,1603387295
Yulara,-25.24,130.99,73.4,43,0,16.11,AU,1603387295
Ughelli,5.49,6.01,79.7,88,94,4.32,NG,1603387296
San Patricio,28.02,-97.52,81.82,78,90,11.41,US,1603387296
Tasiilaq,65.61,-37.64,37.4,64,100,34.45,GL,1603387296
Palmer,42.16,-72.33,73.58,56,20,1.45,US,1603387296
Saint George,37.1,-113.58,60.8,21,1,1.43,US,1603386708
Bushehr,28.97,50.84,84.2,45,0,6.93,IR,1603387297
Conceição do Araguaia,-8.26,-49.26,98.15,34,49,6.58,BR,1603387297
Charlestown,-32.95,151.67,61.02,96,1,5.95,AU,1603387297
Mossamedes,-15.2,12.15,72.0,80,22,8.68,AO,1603387298
Amurzet,47.7,131.1,31.35,91,12,4.7,RU,1603387298
Trofors,65.53,13.41,32.0,89,75,1.12,NO,1603387298
Caravelas,-17.71,-39.25,80.6,69,80,7.02,BR,1603387298
Nāgaur,27.2,73.73,79.27,18,0,4.56,IN,1603387298
Nakama,33.82,130.7,60.22,87,75,5.82,JP,1603387299
Airai,-8.93,125.41,61.52,100,66,0.51,TL,1603387299
Madingou,-4.15,13.55,79.45,79,86,3.83,CG,1603387300
San Policarpo,12.18,125.51,80.51,81,94,3.85,PH,1603387300
Camacha,33.08,-16.33,68.0,64,20,12.75,PT,1603387300
Morgan City,29.7,-91.21,83.08,83,75,10.29,US,1603387095
Ponta do Sol,32.67,-17.1,67.5,56,40,2.24,PT,1603387300
Ucluelet,48.93,-125.55,44.22,93,75,5.01,CA,1603387012
Puerto Ayora,-0.74,-90.35,72.5,83,75,18.34,EC,1603387301
Avarua,-21.21,-159.78,73.4,94,98,5.82,CK,1603387286
Dayong,25.02,118.29,69.8,73,0,13.42,CN,1603387301
Ürümqi,43.8,87.6,50.0,31,0,6.71,CN,1603387301
Xichang,27.9,102.26,54.61,73,91,2.53,CN,1603387302
Kidal,18.44,1.41,97.21,9,0,10.16,ML,1603387302
Geraldton,-28.77,114.6,57.2,76,0,9.17,AU,1603387302
Flinders,-34.58,150.86,63.0,88,15,1.01,AU,1603387302
São Borja,-28.66,-56.0,92.5,40,58,5.48,BR,1603387303
Rumonge,-3.97,29.44,75.24,77,98,0.98,BI,1603387303
Cam Ranh,11.92,109.16,82.4,78,20,8.05,VN,1603387303
Igrim,63.19,64.42,20.73,94,67,5.17,RU,1603387303
Linjiang,41.81,126.91,34.05,85,83,2.89,CN,1603387303
San Fernando,15.03,120.69,77.0,100,75,6.93,PH,1603387304
São Filipe,14.9,-24.5,81.95,72,5,9.33,CV,1603387296
Buala,-8.14,159.59,79.2,73,99,2.55,SB,1603387304
Jaguaruna,-28.61,-49.03,68.09,91,100,12.1,BR,1603387304
Omboué,-1.57,9.26,78.17,83,88,9.26,GA,1603387304
Waspán,14.74,-83.97,90.01,54,69,4.9,NI,1603387305
Sakakah,29.97,40.21,82.4,11,0,3.36,SA,1603387305
Stillwater,36.12,-97.06,81.01,48,1,21.92,US,1603387306
Klaksvík,62.23,-6.59,39.2,66,91,13.87,FO,1603387306
Rawson,-43.3,-65.1,73.9,27,0,11.83,AR,1603387306
Pevek,69.7,170.31,29.5,96,0,21.03,RU,1603387028
Gambo,4.65,22.26,69.37,97,98,1.21,CF,1603387307
At-Bashi,41.17,75.81,37.4,68,54,1.57,KG,1603387307
Agadez,19.75,10.25,87.67,14,0,11.52,NE,1603387307
Port Alberni,49.24,-124.8,44.91,70,75,4.7,CA,1603387307
Tabou,4.42,-7.35,80.24,82,42,7.83,CI,1603387308
Wołów,51.34,16.64,60.6,67,0,9.17,PL,1603387308
General Roca,-39.03,-67.58,62.6,51,75,8.05,AR,1603386714
Walvis Bay,-22.96,14.51,64.22,72,10,8.05,NA,1603387297
Sitka,57.05,-135.33,33.8,40,20,5.82,US,1603387308
Dudinka,69.41,86.18,12.2,85,40,4.47,RU,1603387308
Gold Coast,-28.0,153.43,67.5,82,75,1.12,AU,1603387062
Mizhou,35.99,119.4,45.95,52,0,6.49,CN,1603387309
La Sarre,48.8,-79.2,37.56,95,98,5.41,CA,1603387309
Sarankhola,22.31,89.79,74.14,97,100,4.16,BD,1603387309
Pacific Grove,36.62,-121.92,56.98,93,90,3.36,US,1603387310
Padang,-0.95,100.35,79.48,65,100,3.74,ID,1603387310
Acapulco de Juárez,16.86,-99.89,84.2,79,40,4.7,MX,1603387128
Souillac,-20.52,57.52,75.2,73,40,9.17,MU,1603387310
Ostrovnoy,68.05,39.51,28.69,94,83,9.51,RU,1603387311
East London,-33.02,27.91,69.8,83,0,9.17,ZA,1603387251
Popondetta,-8.75,148.25,73.9,85,99,2.86,PG,1603387311
Castro,-24.79,-50.01,77.2,46,0,8.95,BR,1603387312
Garoowe,8.41,48.48,88.97,34,98,3.76,SO,1603387312
Angoram,-4.06,144.07,71.42,94,74,2.15,PG,1603387313
Almazar,40.32,69.01,53.6,50,90,8.95,UZ,1603387313
Kununurra,-15.77,128.73,82.4,78,90,8.05,AU,1603387314
Magistral'nyy,56.17,107.45,30.52,96,12,6.33,RU,1603387314
Viedma,-40.81,-63.0,68.68,49,85,13.94,AR,1603387314
Vanavara,60.34,102.28,38.53,84,100,11.63,RU,1603387314
Flin Flon,54.77,-101.86,28.4,63,75,11.41,CA,1603387314
Beringovskiy,63.05,179.32,38.34,86,24,11.92,RU,1603387293
Ust-Kuyga,70.02,135.6,2.28,92,69,7.58,RU,1603387315
Cidreira,-30.18,-50.21,66.92,84,100,21.32,BR,1603387315
Beloha,-25.17,45.05,72.86,75,0,20.02,MG,1603387315
Jhelum,32.93,73.73,71.31,23,0,2.82,PK,1603387315
Adrar,20.5,-10.07,93.9,12,34,4.74,MR,1603387316
Taksimo,56.34,114.88,18.93,92,5,1.23,RU,1603387316
Mount Gambier,-37.83,140.77,53.6,93,90,4.7,AU,1603387316
Kupang,-10.17,123.58,79.56,73,81,3.74,ID,1603387316
Coquimbo,-29.95,-71.34,57.2,76,90,8.05,CL,1603387316
Havelock,34.88,-76.9,78.58,65,1,14.99,US,1603387317
Taoudenni,22.68,-3.98,97.0,10,5,2.86,ML,1603387265
Inírida,3.87,-67.92,94.14,49,85,1.79,CO,1603387317
Dogondoutchi,13.64,4.03,96.64,10,0,8.12,NE,1603387317
Haining,30.54,120.69,60.58,67,40,4.47,CN,1603387318
Pisco,-13.7,-76.22,69.01,64,0,13.87,PE,1603387318
Port Hedland,-20.32,118.57,71.6,88,0,10.29,AU,1603387318
Vostok,46.49,135.88,30.49,98,94,1.79,RU,1603387318
Shizukuishi,39.68,140.98,55.58,90,100,1.86,JP,1603387319
Naze,28.37,129.48,75.2,100,75,11.41,JP,1603387319
Nizhniy Kuranakh,58.84,125.49,10.24,92,18,3.38,RU,1603387319
Kabin Buri,13.95,101.72,73.4,83,99,4.36,TH,1603387320
Sarangani,5.4,125.46,83.55,70,68,2.24,PH,1603387320
Loksa,59.58,25.72,53.6,93,90,19.46,EE,1603387320
Takoradze,4.88,-1.76,80.73,81,26,9.91,GH,1603387320
Toamasina,-18.17,49.38,77.0,83,75,9.17,MG,1603387320
Sept-Îles,50.2,-66.38,41.74,69,75,10.29,CA,1603387202
Solnechnyy,50.72,136.63,33.51,92,0,3.53,RU,1603387321
Manado,1.49,124.85,73.4,94,20,1.12,ID,1603387321
Magadan,59.57,150.8,30.25,91,98,11.43,RU,1603387321
Ribeira Grande,38.52,-28.7,66.2,59,75,9.17,PT,1603387322
Svay Rieng,11.09,105.8,77.32,89,100,7.43,KH,1603387322
Haines Junction,60.75,-137.51,17.06,86,0,1.81,CA,1603387315
Cayenne,4.93,-52.33,91.4,55,16,13.87,GF,1603387116
Mayumba,-3.43,10.66,76.62,86,80,5.3,GA,1603387322
Comodoro Rivadavia,-45.87,-67.5,66.2,45,0,5.82,AR,1603387323
Olafsvik,64.89,-23.71,41.34,78,100,29.42,IS,1603387323
Praia da Vitória,38.73,-27.07,67.57,82,20,9.82,PT,1603387323
Kurāra,25.98,79.98,78.73,34,0,3.94,IN,1603387323
Turukhansk,65.82,87.98,17.19,96,100,8.21,RU,1603386739
Longyearbyen,78.22,15.64,21.2,79,20,9.17,SJ,1603387031
Pascagoula,30.37,-88.56,83.41,66,40,8.05,US,1603387103
Bako,5.78,36.57,65.03,87,65,5.06,ET,1603387324
Viçosa,-20.75,-42.88,82.0,28,73,1.01,BR,1603387138
Chicama,-7.84,-79.15,64.4,82,40,12.75,PE,1603387325
Broome,42.25,-75.83,64.27,73,90,5.82,US,1603387252
Methóni,36.82,21.7,68.7,63,40,13.87,GR,1603387326
Erenhot,43.65,111.98,34.86,70,0,6.11,CN,1603387326
Diego de Almagro,-26.37,-70.05,83.44,15,0,13.8,CL,1603387326
Belaya Gora,68.53,146.42,5.02,90,43,5.75,RU,1603386728
Shamary,57.34,58.22,24.67,94,84,7.34,RU,1603387326
Laguna,38.42,-121.42,66.96,25,1,17.22,US,1603387326
Kawambwa,-9.79,29.08,77.49,39,83,2.08,ZM,1603387327
Andreapol',56.65,32.27,49.08,92,100,11.07,RU,1603387327
Cruzeiro do Sul,-29.51,-51.99,82.35,65,65,10.09,BR,1603387327
Kahului,20.89,-156.47,69.84,72,1,2.48,US,1603387327
Almaznyy,48.04,40.05,59.0,72,20,8.95,RU,1603387328
Richards Bay,-28.78,32.04,69.98,82,91,12.39,ZA,1603387328
Bondo,3.81,23.69,70.05,90,82,0.18,CD,1603387328
Paamiut,61.99,-49.67,31.26,83,0,24.61,GL,1603387328
Padilla,3.22,-76.31,86.88,48,40,4.7,CO,1603387328
Goderich,43.75,-81.72,48.74,88,100,14.05,CA,1603387328
Kitimat,54.05,-128.65,33.01,95,86,3.38,CA,1603387329
Asău,46.43,26.4,55.99,64,0,5.48,RO,1603387329
Hokitika,-42.72,170.97,45.82,87,99,3.76,NZ,1603387329
Kurumkan,54.3,110.3,28.87,90,2,2.28,RU,1603387329
Miranda,3.25,-76.23,86.88,48,40,4.7,CO,1603387330
Halifax,44.65,-63.57,65.7,60,75,9.17,CA,1603387200
Constitución,-35.33,-72.42,61.2,60,0,12.28,CL,1603387330
Kalevala,65.2,31.17,37.71,96,100,11.77,RU,1603387330
Cap Malheureux,-19.98,57.61,72.0,74,0,1.01,MU,1603387330
Port Lincoln,-34.73,135.87,59.0,92,100,13.15,AU,1603387331
Kismayo,-0.36,42.55,80.33,82,23,15.39,SO,1603387273
Tiznit Province,29.58,-9.5,65.86,69,100,7.78,MA,1603387331
Hastināpur,29.17,78.02,73.85,27,0,6.15,IN,1603387332
Aipe,3.22,-75.24,90.48,42,100,3.69,CO,1603387332
Ancud,-41.87,-73.82,57.2,54,0,5.82,CL,1603387300
Poya,-21.35,165.15,71.6,85,99,4.56,NC,1603387332
Batagay,67.63,134.63,3.36,91,0,3.36,RU,1603387333
Lebu,-37.62,-73.65,54.32,72,0,13.89,CL,1603387333
Saint Anthony,45.02,-93.22,33.13,86,90,5.82,US,1603387333
Etchojoa,26.92,-109.63,90.45,61,0,14.0,MX,1603387333
Tingo María,-9.29,-76.01,77.0,73,75,2.24,PE,1603387334
Birjand,32.87,59.22,55.4,22,0,5.06,IR,1603387334
Darnah,32.77,22.64,69.73,69,19,17.18,LY,1603387334
Ulaangom,49.98,92.07,29.28,93,52,1.25,MN,1603386734
Ndélé,8.41,20.65,73.72,87,18,2.68,CF,1603387335
Ponta Delgada,37.73,-25.67,64.4,68,75,10.29,PT,1603387335
Enshi,30.3,109.48,55.26,75,0,0.56,CN,1603387335
Saint-Joseph,-21.37,55.62,69.71,73,0,17.22,RE,1603387335
Hirara,24.8,125.28,74.3,87,100,31.63,JP,1603387335
Sungai Penuh,-2.08,101.38,66.02,79,100,2.44,ID,1603387325
Peniche,39.36,-9.38,63.61,80,2,8.99,PT,1603386742
Tadine,-21.55,167.88,74.16,86,100,13.85,NC,1603387336
Mirny,62.54,113.96,26.6,92,90,4.47,RU,1603387336
Glasgow,55.87,-4.26,48.72,87,75,8.05,GB,1603387148
Meadow Lake,34.8,-106.54,69.62,15,1,5.82,US,1603387290
Rocha,-34.48,-54.33,58.73,86,100,12.35,UY,1603387337
Los Llanos de Aridane,28.66,-17.92,69.49,56,75,6.93,ES,1603387337
Clyde River,70.47,-68.59,15.8,78,1,3.36,CA,1603387337
Zhigalovo,54.81,105.16,31.32,95,0,2.77,RU,1603387337
Marsá Maţrūḩ,31.35,27.25,73.4,56,75,10.29,EG,1603387338
Xiongyue,40.18,122.12,44.56,53,0,13.82,CN,1603387338
Escanaba,45.75,-87.06,38.8,80,90,5.82,US,1603387338
Wenatchee,47.42,-120.31,41.11,69,75,8.05,US,1603387334
Rabo de Peixe,37.8,-25.58,64.4,68,75,10.29,PT,1603387339
Broken Hill,-31.95,141.43,68.0,64,75,11.41,AU,1603387339
Lavrentiya,65.58,-171.0,35.02,88,5,4.27,RU,1603387339
Haapiti,-17.57,-149.87,78.55,78,20,9.01,PF,1603387339
Khasan,42.43,130.64,44.2,61,97,17.69,RU,1603387339
Alihe,50.57,123.72,27.19,82,0,7.4,CN,1603387339
Ilulissat,69.22,-51.1,28.4,79,75,11.41,GL,1603387340
Buguruslan,53.66,52.44,33.26,87,94,6.76,RU,1603387340
La Peca,-5.61,-78.44,76.1,71,72,4.03,PE,1603387340
Camocim,-2.9,-40.84,86.58,62,73,18.23,BR,1603387340
Nuuk,64.18,-51.72,28.2,68,5,10.29,GL,1603387341
Boden,65.83,21.69,30.2,92,75,11.41,SE,1603387139
La Cumbre,-30.98,-64.49,65.37,82,40,5.82,AR,1603387341
Ust-Nera,64.57,143.2,14.65,90,100,6.24,RU,1603387342
Serenje,-13.23,30.24,73.11,41,55,5.08,ZM,1603387342
Kontagora,10.4,5.47,84.29,40,5,3.15,NG,1603387342
Galesong,-5.32,119.37,73.4,88,20,2.24,ID,1603387342
Wanaka,-44.7,169.15,46.0,71,91,1.01,NZ,1603387264
Whitehorse,60.72,-135.05,8.6,84,90,3.36,CA,1603387342
Namatanai,-3.67,152.43,79.99,79,91,9.22,PG,1603387343
Kentau,43.52,68.51,46.38,54,100,3.8,KZ,1603387343
Sikonge,-5.63,32.77,80.6,26,40,13.87,TZ,1603387343
Bauchi,10.5,10.0,82.56,23,59,2.98,NG,1603387344
Kuala Terengganu,5.33,103.14,77.0,88,40,4.7,MY,1603387345
Mariehamn,60.1,19.93,48.2,100,90,9.17,AX,1603387345
Camden,39.78,-74.97,73.06,88,90,1.77,US,1603387346
Hay River,60.82,-115.8,24.8,85,90,14.99,CA,1603387346
Freeport,40.66,-73.58,67.78,88,90,4.7,US,1603387234
Kargasok,59.06,80.86,30.88,98,61,8.86,RU,1603387347
Aldan,58.6,125.39,8.49,93,17,5.17,RU,1603387347
Yerbogachën,61.28,108.01,36.19,85,100,11.54,RU,1603387347
Malakal,9.53,31.66,78.84,75,42,4.74,SS,1603387347
Grand-Santi,4.25,-54.38,99.05,29,28,4.5,GF,1603387348
Homer,59.64,-151.55,37.58,69,20,9.17,US,1603387348
Kiryat Gat,31.61,34.76,78.6,61,0,2.24,IL,1603387348
Iracoubo,5.48,-53.2,87.08,64,25,11.63,GF,1603387348
San Lorenzo,-25.33,-57.53,96.8,37,40,11.41,PY,1603387349
Codrington,-38.27,141.97,51.91,94,100,6.2,AU,1603387349
Ambilobe,-13.2,49.05,77.4,61,0,4.99,MG,1603387349
Zonalnaya Stantsiya,56.43,85.02,34.95,74,20,11.18,RU,1603387349
Jérémie,18.65,-74.12,84.56,66,100,4.65,HT,1603387349
Rafrāf,37.19,10.18,76.1,53,40,11.41,TN,1603387350
Waipawa,-41.41,175.52,53.29,82,8,16.11,NZ,1603387350
Sinnamary,5.38,-52.95,86.58,67,25,10.33,GF,1603387350
Caçapava do Sul,-30.51,-53.49,75.56,65,76,10.33,BR,1603387350
Meulaboh,4.14,96.13,78.17,84,100,4.16,ID,1603387350
Bonavista,48.65,-53.11,60.01,86,99,20.0,CA,1603387350
Pimentel,-6.84,-79.93,75.2,57,0,11.41,PE,1603387351
Baleno,12.47,123.5,80.89,84,93,5.35,PH,1603387351
Tashtagol,52.77,87.89,38.07,90,100,4.43,RU,1603387351
Kabalo,-6.05,26.92,75.27,87,88,2.44,CD,1603387351
Saint-Pierre,-21.34,55.48,70.48,73,0,17.22,RE,1603387351
Röthenbach,47.62,9.98,55.45,45,92,3.6,DE,1603387352
Port Blair,11.67,92.75,80.96,84,26,12.95,IN,1603387352
Fukuechō,32.69,128.84,63.28,64,88,29.28,JP,1603387352
Lagos,6.58,3.75,87.8,70,40,10.29,NG,1603387353
Rome,43.21,-75.46,59.22,67,90,4.7,US,1603387205
Saldanha,-33.01,17.94,64.4,68,19,10.29,ZA,1603387353
Rundu,-17.93,19.77,85.98,14,16,4.99,NA,1603387353
Coyhaique,-45.58,-72.07,59.0,33,0,4.7,CL,1603387111
Alugan,12.22,125.48,80.22,81,96,3.67,PH,1603387353
Hunterville,-39.93,175.57,46.45,97,1,3.74,NZ,1603387354
Koygorodok,60.45,51.0,24.21,94,71,2.39,RU,1603387354
Boende,-0.22,20.87,73.87,95,70,1.74,CD,1603387354
Adet,11.26,37.49,57.63,82,11,5.01,ET,1603387355
Pictou,45.68,-62.72,60.3,63,61,5.01,CA,1603387355
Matara,5.95,80.54,79.3,85,47,10.42,LK,1603387086
Belluno,46.15,12.22,53.24,86,99,1.48,IT,1603387355
Stornoway,58.21,-6.39,46.65,75,40,5.23,GB,1603387355
Hong Kong,22.29,114.16,71.71,56,100,12.24,HK,1603387274
Basco,20.45,121.97,81.3,85,100,31.9,PH,1603387356
Tilichiki,60.47,166.1,31.3,98,89,5.21,RU,1603387353
Raja,8.46,25.68,72.91,87,100,2.21,SS,1603387356
Burnie,-41.07,145.92,50.32,89,100,6.49,AU,1603387356
Filingué,14.35,3.32,98.85,9,0,9.28,NE,1603387325
Bima,-8.47,118.72,77.18,85,1,2.8,ID,1603387357
Leh,34.17,77.58,37.11,56,1,1.57,IN,1603387357
Panabá,21.28,-88.27,85.93,71,12,3.09,MX,1603387357
Lagoa,39.05,-27.98,64.45,68,89,11.68,PT,1603387357
Salinópolis,-0.61,-47.36,85.48,61,55,11.99,BR,1603387357
Touros,-5.2,-35.46,80.6,78,75,12.75,BR,1603387356
Muros,42.78,-9.06,59.61,80,50,11.01,ES,1603387359
Carballo,43.21,-8.69,59.22,67,20,13.87,ES,1603387359
Cuiabá,-15.6,-56.1,98.6,30,0,5.82,BR,1603387260
Pangnirtung,66.15,-65.71,26.6,100,90,4.7,CA,1603387359
Antalaha,-14.9,50.28,73.94,79,32,10.6,MG,1603387359
Ugoofaaru,5.67,73.0,82.08,79,1,10.51,MV,1603387268
San Nicola,40.61,8.99,68.25,73,0,3.36,IT,1603387360
Hūn,29.13,15.95,68.95,35,0,5.37,LY,1603387360
Xining,36.62,101.77,41.4,57,0,0.74,CN,1603387360
Bridgeton,39.43,-75.23,80.24,65,40,4.7,US,1603387108
Fria,10.42,-13.58,87.78,63,32,2.77,GN,1603387360
Kashgar,39.45,75.98,53.6,27,0,8.95,CN,1603387360
Shimoda,34.67,138.95,60.01,92,100,1.01,JP,1603387361
Margate,51.38,1.39,56.75,75,3,1.99,GB,1603387296
Manavālakurichi,8.13,77.3,80.6,83,20,4.7,IN,1603387361
Ahipara,-35.17,173.17,58.8,93,87,5.68,NZ,1603387362
Petropavlovsk-Kamchatskiy,53.05,158.65,30.2,80,67,8.95,RU,1603387362
Lima,-12.04,-77.03,66.99,68,40,8.05,PE,1603387126
Ilo,-17.64,-71.34,68.0,77,75,5.82,PE,1603387362
Nouadhibou,20.93,-17.03,80.6,61,0,17.22,MR,1603387363
Oksovskiy,62.61,39.9,30.4,96,100,10.6,RU,1603387363
Eloy,32.76,-111.55,82.06,26,1,5.82,US,1603387363
Barra do Garças,-15.89,-52.26,102.51,27,28,2.26,BR,1603387139
Odienné,9.51,-7.57,85.69,60,55,4.7,CI,1603387364
Okhotsk,59.38,143.3,38.91,91,100,36.84,RU,1603387364
Montgomery,39.15,-77.2,73.78,73,20,3.36,US,1603387263
Vila Velha,-20.33,-40.29,73.45,94,90,9.17,BR,1603387365
Skjervøy,70.03,20.97,30.2,74,75,4.7,NO,1603387353
Pozo Colorado,-23.49,-58.8,95.4,36,34,10.18,PY,1603387365
Verkhoyansk,67.54,133.38,1.67,88,3,3.02,RU,1603387365
Ribas do Rio Pardo,-20.44,-53.76,92.43,38,17,7.34,BR,1603387365
Eyl,7.98,49.82,82.18,77,98,7.47,SO,1603387366
Yarmouth,41.71,-70.23,67.57,77,20,10.29,US,1603387159
Sturgeon Falls,46.36,-79.93,45.95,70,90,0.74,CA,1603387366
Mumford,5.26,-0.76,80.13,82,17,13.35,GH,1603387086
Oriximiná,-1.77,-55.87,99.43,30,100,7.18,BR,1603387366
Kholm,59.27,32.85,44.19,95,100,9.78,RU,1603387367
Aktobe,50.28,57.21,32.0,88,0,8.95,KZ,1603387183
Lingao,19.91,109.69,72.91,68,99,9.08,CN,1603387367
Osmaniye,37.07,36.25,78.01,71,0,1.7,TR,1603387186
Atambua,-9.11,124.89,75.52,81,64,1.03,ID,1603387367
Kharan,28.58,65.42,64.2,22,0,6.64,PK,1603387367
Sittwe,20.15,92.9,81.05,83,100,14.76,MM,1603387367
Lappeenranta,61.06,28.19,42.64,100,90,8.05,FI,1603387280
Tres Arroyos,-38.37,-60.28,56.93,81,98,12.8,AR,1603387368
Arrondissement du Havre,49.58,0.33,58.03,77,20,2.24,FR,1603387368
Collie,-33.37,116.15,50.67,58,0,6.44,AU,1603387368
Cockburn Town,21.46,-71.14,86.0,70,40,9.17,TC,1603387368
Ponnāni,10.77,75.93,73.4,88,75,5.66,IN,1603387369
Lernapat,40.82,44.39,55.4,50,20,5.82,AM,1603387369
Srednekolymsk,67.45,153.68,14.83,91,100,2.66,RU,1603387369
Salekhard,66.53,66.6,17.65,94,88,5.88,RU,1603387369
Behbahān,30.6,50.24,73.04,15,0,4.7,IR,1603387370
Siparia,10.13,-61.5,86.92,70,40,9.17,TT,1603387370
Bariloche,-41.15,-71.31,68.61,18,0,3.36,AR,1603387229
Yabēlo,4.88,38.08,64.85,78,40,9.4,ET,1603387371
Camapuã,-19.53,-54.04,94.15,34,23,5.06,BR,1603387371
Bay Roberts,47.6,-53.26,59.58,87,90,18.34,CA,1603387371
Hofn,64.25,-15.21,41.0,80,90,13.87,IS,1603387371
Kasongo-Lunda,-6.47,16.82,78.91,73,48,2.44,CD,1603387371
La Santisima Trinidad,-14.83,-64.9,93.2,52,20,6.93,BO,1603387221
Northam,51.03,-4.22,52.34,83,56,1.99,GB,1603387372
Coxim,-18.51,-54.76,101.3,27,0,1.43,BR,1603387372
Bajil,15.06,43.29,89.71,46,41,9.04,YE,1603387372
Bambanglipuro,-7.95,110.28,77.85,86,57,4.92,ID,1603387372
Porto-Novo,6.5,2.6,84.2,79,40,11.41,BJ,1603387372
Santiago de Cuba,20.02,-75.82,82.4,74,40,14.99,CU,1603387373
Conde,-7.26,-34.91,84.2,74,75,16.11,BR,1603387373
Ngunguru,-35.62,174.5,60.01,96,88,1.01,NZ,1603387373
Tutóia,-2.76,-42.27,86.68,65,8,17.54,BR,1603387373
Srandakan,-7.94,110.25,77.86,86,57,4.7,ID,1603387373
Derzhavīnsk,51.1,66.32,32.94,81,11,10.65,KZ,1603387373
Giohar,2.78,45.5,80.6,76,66,16.17,SO,1603387374
Husavik,66.04,-17.34,41.0,65,90,5.82,IS,1603387374
Havøysund,71.0,24.66,32.07,69,75,17.22,NO,1603387374
Fairbanks,64.84,-147.72,15.62,92,1,9.17,US,1603387374
Clarksville,36.53,-87.36,80.1,65,1,9.17,US,1603387199
Lorengau,-2.02,147.27,80.89,75,23,6.93,PG,1603387375
Kerikeri,-35.23,173.95,60.01,96,94,1.01,NZ,1603387375
Saint-Augustin,51.23,-58.65,49.24,64,95,18.63,CA,1603387375
Whitianga,-36.83,175.7,57.99,98,100,1.48,NZ,1603387375
Witu,-2.39,40.44,82.4,74,40,9.17,KE,1603387375
Najrān,17.49,44.13,75.2,14,0,4.7,SA,1603387376
Boca do Acre,-8.75,-67.4,100.42,34,93,2.91,BR,1603387376
Balkanabat,39.51,54.37,59.32,41,97,4.97,TM,1603387377
Kiunga,-6.12,141.29,72.43,95,88,1.81,PG,1603387377
Paraná,-31.73,-60.52,80.64,56,32,8.03,AR,1603387377
Rāwah,34.48,41.91,76.42,21,0,8.01,IQ,1603387378
Deogarh,21.53,84.73,74.84,76,100,3.22,IN,1603387378
Quatre Cocos,-20.21,57.76,73.54,73,40,9.17,MU,1603387379
Bedēsa,8.9,40.78,66.07,31,72,5.32,ET,1603387379
Dadri,28.57,77.55,78.91,56,75,2.75,IN,1603387379
Jining,35.41,116.58,49.32,47,0,5.75,CN,1603387379
Kirakira,-10.45,161.92,78.3,80,99,6.46,SB,1603387379
Gizo Government Station,-8.1,156.84,79.79,77,96,10.04,SB,1603387379
Sungai Raya,0.7,108.9,80.02,83,99,4.68,ID,1603387380
Edmundston,47.37,-68.33,49.82,69,20,8.88,CA,1603387233
Sola,-13.88,167.55,80.87,78,84,18.01,VU,1603387380
Røros,62.57,11.38,30.2,92,75,2.24,NO,1603387100
Zyryanka,65.75,150.85,11.61,91,82,5.61,RU,1603387380
Maniitsoq,65.42,-52.9,26.49,86,10,5.39,GL,1603387381
Mnogovershinnyy,53.94,139.92,34.79,99,82,1.45,RU,1603387381
Along,28.17,94.77,66.65,86,31,1.5,IN,1603387381
Chāndur,19.73,79.18,72.97,71,0,2.48,IN,1603387381
Anadyr,64.75,177.48,33.35,85,20,8.95,RU,1603387367
Capitán Bado,-23.27,-55.53,90.59,35,48,10.74,PY,1603387382
Muroto-misakicho,33.28,134.15,72.81,90,100,19.3,JP,1603387382
Yar-Sale,66.83,70.83,19.04,97,97,10.11,RU,1603387382
Rio Grande,-32.03,-52.1,66.99,85,99,8.01,BR,1603387177
Siloam Springs,36.19,-94.54,77.45,65,90,19.46,US,1603387204
Springhill,33.01,-93.47,79.2,87,0,6.04,US,1603387383
Wiwilí,13.63,-85.83,73.4,88,75,2.3,NI,1603387383
Rolla,37.95,-91.77,78.98,57,1,17.22,US,1603387383
Japura,-0.32,102.35,76.6,88,100,1.72,ID,1603387383
Kayes,14.0,-11.0,98.65,16,0,4.0,ML,1603387383
Cedar Lake,41.36,-87.44,66.74,92,97,5.01,US,1603387384
Launceston,-41.45,147.17,46.94,93,100,5.82,AU,1603387385
Juba,4.85,31.58,78.73,72,94,0.78,SS,1603387385
Grand Gaube,-20.01,57.66,72.0,74,0,1.01,MU,1603387385
Coruripe,-10.13,-36.18,83.61,64,13,12.08,BR,1603387385
Aswān,24.09,32.91,87.03,13,0,9.93,EG,1603387386
Burriana,39.89,-0.09,66.0,93,98,5.5,ES,1603387386
Innisfail,-17.53,146.03,68.99,89,53,3.04,AU,1603387386
Porto Velho,-8.76,-63.9,87.8,55,20,4.7,BR,1603387178
